20230525T080000,20230525T083000
20230525T083000,20230525T090000
20230525T090000,20230525T093000
20230525T093000,20230525T100000
20230525T100000,20230525T103000
20230525T103000,20230525T110000
20230525T110000,20230525T113000
20230525T113000,20230525T120000
20230525T133000,20230525T140000
20230525T140000,20230525T143000
20230525T143000,20230525T150000
20230525T150000,20230525T153000
20230525T153000,20230525T160000
20230525T160000,20230525T163000
20230525T163000,20230525T170000
20230525T170000,20230525T173000